BUN,GCS,hematocrit,heartrate,curr_weight,riker_sas,temp,resp_rate,abp,spo2,inr,wbc,bloodpH,pao2,fio2,pco2,paco2,bloodlactate,fluidbolus,bilirubin,creatinine,sodium,potassium,hemoglobin,ptt,att,vent,urine_output,platelet_cnt,csru,aids,metastatic_cancer,admit_age,weight_first,pacemaker,comp_immune,diabetes,dialysis,cri,hf,cld,hm,jaundice,pneumonia,ali,score
NaN,NaN,27.5,NaN,NaN,NaN,NaN,NaN,NaN,NaN,NaN,NaN,7.395,331.0,NaN,NaN,44.0,NaN,NaN,NaN,NaN,NaN,5.3,NaN,NaN,NaN,0.0,NaN,NaN,1.0,0.0,0.0,81.84522,110.6,0,0,0,0,0,1,0,0,0,0,0,NaN
NaN,NaN,29.5,NaN,NaN,NaN,NaN,NaN,NaN,NaN,NaN,NaN,7.385,316.5,NaN,NaN,41.0,NaN,NaN,NaN,NaN,NaN,5.2,NaN,NaN,NaN,0.0,NaN,NaN,1.0,0.0,0.0,81.84522,110.6,0,0,0,0,0,1,0,0,0,0,0,NaN
NaN,NaN,29.0,NaN,NaN,NaN,NaN,NaN,NaN,NaN,NaN,NaN,7.4,310.0,NaN,NaN,36.5,NaN,NaN,NaN,NaN,NaN,4.75,NaN,NaN,NaN,0.0,NaN,NaN,1.0,0.0,0.0,81.84522,110.6,0,0,0,0,0,1,0,0,0,0,0,NaN
NaN,NaN,31.0,NaN,NaN,NaN,NaN,NaN,NaN,NaN,NaN,NaN,7.39,352.0,NaN,NaN,38.0,NaN,NaN,NaN,NaN,NaN,4.5,NaN,NaN,NaN,0.0,NaN,NaN,1.0,0.0,0.0,81.84522,110.6,0,0,0,0,0,1,0,0,0,0,0,NaN
NaN,NaN,28.0,NaN,NaN,NaN,NaN,NaN,NaN,NaN,NaN,NaN,7.33,355.0,NaN,NaN,43.0,NaN,NaN,NaN,NaN,NaN,4.9,NaN,NaN,NaN,0.0,NaN,NaN,1.0,0.0,0.0,81.84522,110.6,0,0,0,0,0,1,0,0,0,0,0,NaN
NaN,NaN,29.0,NaN,NaN,NaN,NaN,NaN,NaN,NaN,NaN,NaN,7.25,95.0,NaN,NaN,48.0,NaN,NaN,NaN,NaN,138.0,3.9,NaN,NaN,NaN,0.0,NaN,NaN,1.0,0.0,0.0,81.84522,110.6,0,0,0,0,0,1,0,0,0,0,0,NaN
NaN,NaN,26.0,NaN,NaN,NaN,NaN,NaN,NaN,NaN,NaN,NaN,7.09,78.0,NaN,NaN,59.0,NaN,NaN,NaN,NaN,141.0,4.05,NaN,NaN,NaN,0.0,NaN,NaN,1.0,0.0,0.0,81.84522,110.6,0,0,0,0,0,1,0,0,0,0,0,NaN
NaN,NaN,30.0,NaN,NaN,NaN,NaN,NaN,NaN,NaN,1.9,NaN,7.25,110.0,NaN,NaN,49.0,NaN,NaN,NaN,NaN,138.0,4.7,NaN,90.7,NaN,0.0,NaN,95.0,1.0,0.0,0.0,81.84522,110.6,0,0,0,0,0,1,0,0,0,0,0,NaN
NaN,NaN,NaN,NaN,NaN,NaN,37.2000001272,8.0,125.666666667,87.75,1.7,NaN,NaN,NaN,0.600000008941,NaN,NaN,NaN,NaN,NaN,NaN,NaN,NaN,8.5,51.3,NaN,1.0,NaN,109.0,1.0,0.0,0.0,81.84522,110.6,0,0,0,0,0,1,0,0,0,0,0,NaN
NaN,NaN,25.0,NaN,NaN,NaN,36.674999396,12.75,116.0,98.5,NaN,NaN,7.22,56.0,1.0,NaN,48.0,NaN,NaN,NaN,NaN,NaN,3.8,NaN,NaN,NaN,1.0,NaN,NaN,1.0,0.0,0.0,81.84522,110.6,0,0,0,0,0,1,0,0,0,0,0,NaN
NaN,NaN,NaN,94.5,NaN,NaN,36.6999992265,16.75,129.0,99.75,NaN,NaN,7.25,178.0,0.800000011921,NaN,42.0,NaN,NaN,NaN,NaN,NaN,NaN,NaN,NaN,NaN,1.0,NaN,NaN,1.0,0.0,0.0,81.84522,110.6,0,0,0,0,0,1,0,0,0,0,0,2.0
NaN,NaN,23.0,NaN,NaN,NaN,36.6499995655,10.25,99.5,99.0,1.5,NaN,7.39,125.0,0.600000023842,NaN,43.0,NaN,NaN,NaN,NaN,NaN,3.8,NaN,41.9,NaN,1.0,NaN,125.0,1.0,0.0,0.0,81.84522,110.6,0,0,0,0,0,1,0,0,0,0,0,1.0
NaN,NaN,NaN,NaN,NaN,NaN,36.9499994384,11.75,104.25,98.0,NaN,NaN,7.29,97.0,NaN,NaN,38.0,NaN,NaN,NaN,NaN,NaN,NaN,NaN,NaN,NaN,0.0,NaN,NaN,1.0,0.0,0.0,81.84522,110.6,0,0,0,0,0,1,0,0,0,0,0,1.0
NaN,NaN,27.0,NaN,NaN,NaN,37.299999449,16.0,94.0,98.0,NaN,NaN,7.34,119.0,0.600000023842,NaN,37.0,NaN,NaN,NaN,NaN,NaN,NaN,NaN,NaN,NaN,1.0,NaN,NaN,1.0,0.0,0.0,81.84522,110.6,0,0,0,0,0,1,0,0,0,0,0,NaN
NaN,NaN,23.0,NaN,NaN,NaN,37.7999998728,16.0,93.0,98.0,1.3,NaN,7.36,106.0,NaN,NaN,37.0,NaN,NaN,NaN,NaN,NaN,NaN,NaN,40.5,NaN,0.0,NaN,NaN,1.0,0.0,0.0,81.84522,110.6,0,0,0,0,0,1,0,0,0,0,0,NaN
NaN,NaN,NaN,NaN,NaN,NaN,38.2000009749,16.0,89.0,97.0,NaN,NaN,NaN,NaN,NaN,NaN,NaN,NaN,NaN,NaN,NaN,NaN,NaN,NaN,NaN,NaN,0.0,NaN,NaN,1.0,0.0,0.0,81.84522,110.6,0,0,0,0,0,1,0,0,0,0,0,2.0
NaN,NaN,26.0,NaN,NaN,NaN,38.6000001695,16.0,87.0,96.0,NaN,NaN,7.34,88.0,NaN,NaN,37.0,NaN,NaN,NaN,NaN,NaN,3.9,NaN,NaN,NaN,0.0,NaN,NaN,1.0,0.0,0.0,81.84522,110.6,0,0,0,0,0,1,0,0,0,0,0,3.0
NaN,NaN,29.0,NaN,NaN,NaN,38.5500005086,16.0,87.5,95.5,NaN,NaN,7.34,72.0,0.699999988079,NaN,38.0,NaN,NaN,NaN,NaN,NaN,NaN,NaN,NaN,NaN,1.0,NaN,NaN,1.0,0.0,0.0,81.84522,110.6,0,0,0,0,0,1,0,0,0,0,0,3.0
NaN,NaN,NaN,NaN,NaN,NaN,38.3500009113,8.0,87.0,96.6666666667,NaN,NaN,NaN,NaN,0.699999988079,NaN,NaN,NaN,NaN,NaN,NaN,NaN,NaN,NaN,NaN,NaN,1.0,NaN,NaN,1.0,0.0,0.0,81.84522,110.6,0,0,0,0,0,1,0,0,0,0,0,3.0
16.0,NaN,26.1000003815,NaN,NaN,NaN,38.3000002967,16.0,90.0,97.0,1.3,5.6,7.37,80.0,NaN,NaN,36.0,NaN,NaN,NaN,1.3,142.0,4.1,9.39999961853,43.8,NaN,0.0,NaN,111.0,1.0,0.0,0.0,81.84522,110.6,0,0,0,0,0,1,0,0,0,0,0,1.0
NaN,NaN,NaN,NaN,NaN,NaN,38.3000002967,NaN,96.5,97.0,NaN,NaN,NaN,NaN,NaN,NaN,NaN,NaN,NaN,NaN,NaN,NaN,NaN,NaN,NaN,NaN,0.0,NaN,NaN,1.0,0.0,0.0,81.84522,110.6,0,0,0,0,0,1,0,0,0,0,0,1.0
NaN,NaN,30.0,NaN,NaN,NaN,38.2000009749,16.0,99.0,96.0,NaN,NaN,7.42,81.0,NaN,NaN,34.0,NaN,NaN,NaN,NaN,NaN,NaN,NaN,NaN,NaN,0.0,NaN,NaN,1.0,0.0,0.0,81.84522,110.6,0,0,0,0,0,1,0,0,0,0,0,1.0
NaN,NaN,NaN,96.0,NaN,NaN,38.0999997457,16.0,98.0,96.0,NaN,NaN,NaN,NaN,0.699999988079,NaN,NaN,NaN,NaN,NaN,NaN,NaN,NaN,NaN,NaN,NaN,1.0,NaN,NaN,1.0,0.0,0.0,81.84522,110.6,0,0,0,0,0,1,0,0,0,0,0,1.0
NaN,NaN,31.0,97.0,NaN,NaN,37.900001102,16.0,100.0,95.0,NaN,NaN,7.44,74.0,NaN,NaN,33.0,NaN,NaN,NaN,NaN,NaN,3.7,NaN,NaN,NaN,0.0,NaN,NaN,1.0,0.0,0.0,81.84522,110.6,0,0,0,0,0,1,0,0,0,0,0,1.0
NaN,NaN,NaN,94.0,NaN,NaN,37.900001102,14.0,109.0,96.0,NaN,NaN,NaN,NaN,0.600000023842,NaN,NaN,NaN,NaN,NaN,NaN,NaN,NaN,NaN,NaN,NaN,1.0,NaN,NaN,1.0,0.0,0.0,81.84522,110.6,0,0,0,0,0,1,0,0,0,0,0,1.0
NaN,NaN,NaN,89.0,NaN,NaN,37.7999998728,14.0,115.0,95.0,NaN,NaN,NaN,NaN,NaN,NaN,NaN,NaN,NaN,NaN,NaN,NaN,NaN,NaN,NaN,NaN,0.0,NaN,NaN,1.0,0.0,0.0,81.84522,110.6,0,0,0,0,0,1,0,0,0,0,0,0.0
NaN,NaN,31.0,87.0,NaN,NaN,37.7999998728,14.0,107.0,94.0,NaN,NaN,7.44,62.0,0.600000023842,NaN,36.0,NaN,NaN,NaN,NaN,NaN,NaN,NaN,NaN,NaN,1.0,NaN,NaN,1.0,0.0,0.0,81.84522,110.6,0,0,0,0,0,1,0,0,0,0,0,0.0
NaN,NaN,NaN,87.5,NaN,NaN,37.850000487399996,14.0,113.5,93.5,NaN,NaN,NaN,NaN,NaN,NaN,NaN,NaN,NaN,NaN,NaN,NaN,NaN,NaN,NaN,NaN,0.0,NaN,NaN,1.0,0.0,0.0,81.84522,110.6,0,0,0,0,0,1,0,0,0,0,0,0.0
NaN,NaN,32.0,84.0,NaN,NaN,37.900001102,11.0,112.0,94.0,NaN,NaN,7.44,55.0,0.699999988079,NaN,37.0,NaN,NaN,NaN,NaN,NaN,4.0,NaN,NaN,NaN,1.0,NaN,NaN,1.0,0.0,0.0,81.84522,110.6,0,0,0,0,0,1,0,0,0,0,0,NaN
NaN,NaN,NaN,85.0,NaN,NaN,37.7999998728,16.0,115.0,94.0,NaN,NaN,NaN,NaN,NaN,NaN,NaN,NaN,NaN,NaN,NaN,NaN,NaN,NaN,NaN,NaN,0.0,NaN,NaN,1.0,0.0,0.0,81.84522,110.6,0,0,0,0,0,1,0,0,0,0,0,NaN
17.0,NaN,35.0,85.0,NaN,NaN,37.900001102,14.0,120.0,94.0,NaN,NaN,7.44,66.0,NaN,NaN,37.0,NaN,NaN,NaN,1.3,NaN,4.1,NaN,NaN,NaN,0.0,NaN,NaN,1.0,0.0,0.0,81.84522,110.6,0,0,0,0,0,1,0,0,0,0,0,NaN
NaN,NaN,NaN,87.0,NaN,NaN,38.0000004239,14.0,127.0,93.5,NaN,NaN,NaN,NaN,0.699999988079,NaN,NaN,NaN,NaN,NaN,NaN,NaN,NaN,NaN,NaN,NaN,1.0,NaN,NaN,1.0,0.0,0.0,81.84522,110.6,0,0,0,0,0,1,0,0,0,0,0,1.0
NaN,NaN,NaN,88.0,NaN,NaN,38.0000004239,14.0,128.0,94.0,NaN,NaN,NaN,NaN,NaN,NaN,NaN,NaN,NaN,NaN,NaN,NaN,NaN,NaN,NaN,NaN,0.0,NaN,NaN,1.0,0.0,0.0,81.84522,110.6,0,0,0,0,0,1,0,0,0,0,0,1.0
NaN,NaN,NaN,89.0,NaN,NaN,38.0999997457,14.0,137.0,94.0,NaN,NaN,NaN,NaN,NaN,NaN,NaN,NaN,NaN,NaN,NaN,NaN,NaN,NaN,NaN,NaN,0.0,NaN,NaN,1.0,0.0,0.0,81.84522,110.6,0,0,0,0,0,1,0,0,0,0,0,1.0
NaN,NaN,31.2000007629,91.0,NaN,NaN,38.2000009749,14.0,126.0,93.0,1.4,NaN,7.46,57.0,0.699999988079,NaN,37.0,NaN,NaN,NaN,NaN,NaN,4.2,NaN,36.4,NaN,1.0,NaN,88.0,1.0,0.0,0.0,81.84522,110.6,0,0,0,0,0,1,0,0,0,0,0,2.0
NaN,NaN,NaN,90.0,NaN,NaN,38.2000009749,14.0,113.5,94.5,NaN,NaN,7.48,56.0,NaN,NaN,37.0,NaN,NaN,NaN,NaN,NaN,NaN,NaN,NaN,NaN,0.0,NaN,NaN,1.0,0.0,0.0,81.84522,110.6,0,0,0,0,0,1,0,0,0,0,0,2.0
NaN,NaN,NaN,90.0,NaN,NaN,38.4000015259,14.0,112.0,93.0,NaN,NaN,NaN,NaN,0.800000011921,NaN,NaN,NaN,NaN,NaN,NaN,NaN,NaN,NaN,NaN,NaN,1.0,NaN,NaN,1.0,0.0,0.0,81.84522,110.6,0,0,0,0,0,1,0,0,0,0,0,2.0
NaN,NaN,NaN,91.0,NaN,NaN,38.5000008477,14.0,104.0,93.0,NaN,NaN,NaN,NaN,NaN,NaN,NaN,NaN,NaN,NaN,NaN,NaN,NaN,NaN,NaN,NaN,0.0,NaN,NaN,1.0,0.0,0.0,81.84522,110.6,0,0,0,0,0,1,0,0,0,0,0,2.0
NaN,NaN,34.0,91.0,NaN,NaN,38.6000001695,13.0,94.0,93.0,NaN,NaN,7.44,63.0,0.800000011921,NaN,43.0,NaN,NaN,NaN,NaN,NaN,NaN,NaN,NaN,NaN,1.0,NaN,NaN,1.0,0.0,0.0,81.84522,110.6,0,0,0,0,0,1,0,0,0,0,0,2.0
NaN,NaN,NaN,91.0,NaN,NaN,38.700001398699996,14.0,84.0,92.0,NaN,NaN,NaN,NaN,NaN,NaN,NaN,NaN,NaN,NaN,NaN,NaN,NaN,NaN,NaN,NaN,0.0,NaN,NaN,1.0,0.0,0.0,81.84522,110.6,0,0,0,0,0,1,0,0,0,0,0,2.0
NaN,NaN,NaN,92.0,NaN,NaN,38.799998601300004,14.0,91.0,91.0,NaN,NaN,NaN,NaN,NaN,NaN,NaN,NaN,NaN,NaN,NaN,NaN,NaN,NaN,NaN,NaN,0.0,NaN,NaN,1.0,0.0,0.0,81.84522,110.6,0,0,0,0,0,1,0,0,0,0,0,2.0
NaN,NaN,35.0,94.0,NaN,NaN,38.8999998305,14.0,87.0,90.0,NaN,NaN,7.42,52.0,1.0,NaN,42.0,NaN,NaN,NaN,NaN,NaN,NaN,NaN,NaN,NaN,1.0,NaN,NaN,1.0,0.0,0.0,81.84522,110.6,0,0,0,0,0,1,0,0,0,0,0,2.0
17.0,NaN,28.8999996185,91.0,NaN,NaN,38.8999998305,14.0,95.0,90.0,1.5,10.5,7.42,66.0,1.0,NaN,45.0,NaN,NaN,NaN,NaN,140.0,4.2,10.6999998093,38.1,NaN,1.0,NaN,77.0,1.0,0.0,0.0,81.84522,110.6,0,0,0,0,0,1,0,0,0,0,0,2.0
NaN,NaN,NaN,95.0,NaN,NaN,38.799998601300004,14.0,92.0,90.0,NaN,NaN,NaN,NaN,NaN,NaN,NaN,NaN,NaN,NaN,NaN,NaN,NaN,NaN,NaN,NaN,0.0,NaN,NaN,1.0,0.0,0.0,81.84522,110.6,0,0,0,0,0,1,0,0,0,0,0,2.0
NaN,NaN,NaN,NaN,NaN,NaN,NaN,NaN,NaN,NaN,NaN,NaN,NaN,NaN,NaN,NaN,NaN,NaN,NaN,NaN,NaN,NaN,NaN,NaN,NaN,NaN,0.0,NaN,NaN,0.0,0.0,0.0,81.84522,110.6,0,0,0,0,0,1,0,0,0,0,0,2.0
NaN,3.0,NaN,93.0,145.600006104,NaN,38.6500007841,14.0,95.5,91.0,NaN,NaN,7.42,65.0,NaN,NaN,44.0,NaN,NaN,NaN,NaN,NaN,NaN,NaN,NaN,NaN,0.0,NaN,NaN,1.0,0.0,0.0,81.84522,110.6,0,0,0,0,0,1,0,0,0,0,0,2.0
NaN,NaN,NaN,92.5,NaN,NaN,38.4500011868,14.0,99.0,92.5,NaN,NaN,NaN,NaN,1.0,NaN,NaN,NaN,NaN,NaN,NaN,NaN,NaN,NaN,NaN,NaN,1.0,NaN,NaN,1.0,0.0,0.0,81.84522,110.6,0,0,0,0,0,1,0,0,0,0,0,2.0
NaN,NaN,NaN,92.5,NaN,NaN,38.3500009113,14.0,102.0,93.0,NaN,NaN,NaN,NaN,NaN,NaN,NaN,NaN,NaN,NaN,NaN,NaN,NaN,NaN,NaN,NaN,0.0,NaN,NaN,1.0,0.0,0.0,81.84522,110.6,0,0,0,0,0,1,0,0,0,0,0,2.0
NaN,NaN,29.5,92.0,NaN,NaN,38.2500006358,14.0,98.0,92.5,NaN,NaN,7.43,75.0,NaN,NaN,44.0,NaN,NaN,NaN,NaN,NaN,4.1,NaN,NaN,NaN,0.0,NaN,68.0,1.0,0.0,0.0,81.84522,110.6,0,0,0,0,0,1,0,0,0,0,0,2.0
NaN,NaN,NaN,92.0,NaN,NaN,38.0999997457,14.0,106.0,92.5,NaN,NaN,NaN,NaN,NaN,NaN,NaN,NaN,NaN,NaN,NaN,NaN,NaN,NaN,NaN,NaN,0.0,NaN,NaN,1.0,0.0,0.0,81.84522,110.6,0,0,0,0,0,1,0,0,0,0,0,2.0
NaN,NaN,NaN,91.0,NaN,NaN,NaN,18.0,91.0,92.0,NaN,NaN,NaN,NaN,NaN,NaN,NaN,NaN,NaN,NaN,NaN,NaN,NaN,NaN,NaN,NaN,0.0,NaN,NaN,1.0,0.0,0.0,81.84522,110.6,0,0,0,0,0,1,0,0,0,0,0,2.0
NaN,NaN,35.0,NaN,NaN,NaN,NaN,NaN,NaN,NaN,NaN,NaN,7.31,67.0,NaN,NaN,54.0,NaN,NaN,NaN,NaN,135.0,4.5,NaN,NaN,NaN,0.0,NaN,NaN,1.0,0.0,0.0,81.84522,110.6,0,0,0,0,0,1,0,0,0,0,0,2.0
NaN,NaN,NaN,NaN,NaN,NaN,NaN,NaN,NaN,NaN,NaN,NaN,7.41,NaN,NaN,NaN,41.0,NaN,NaN,NaN,NaN,136.0,4.6,NaN,NaN,NaN,0.0,NaN,NaN,1.0,0.0,0.0,81.84522,110.6,0,0,0,0,0,1,0,0,0,0,0,2.0
NaN,NaN,NaN,NaN,NaN,NaN,NaN,NaN,NaN,NaN,NaN,NaN,7.41,454.0,NaN,NaN,38.0,NaN,NaN,NaN,NaN,135.5,NaN,NaN,NaN,NaN,0.0,NaN,NaN,1.0,0.0,0.0,81.84522,110.6,0,0,0,0,0,1,0,0,0,0,0,NaN
NaN,NaN,NaN,NaN,NaN,NaN,NaN,NaN,NaN,NaN,NaN,NaN,7.48,388.0,NaN,NaN,30.0,NaN,NaN,NaN,NaN,NaN,NaN,NaN,NaN,NaN,0.0,NaN,NaN,1.0,0.0,0.0,81.84522,110.6,0,0,0,0,0,1,0,0,0,0,0,2.0
NaN,NaN,NaN,NaN,NaN,NaN,NaN,NaN,NaN,NaN,NaN,NaN,7.46,415.0,NaN,NaN,31.0,NaN,NaN,NaN,NaN,NaN,NaN,NaN,NaN,NaN,0.0,NaN,NaN,1.0,0.0,0.0,81.84522,110.6,0,0,0,0,0,1,0,0,0,0,0,2.0
NaN,NaN,32.0,NaN,NaN,NaN,NaN,NaN,NaN,NaN,NaN,NaN,7.17,68.0,NaN,NaN,49.0,NaN,NaN,NaN,NaN,138.0,5.1,NaN,NaN,NaN,0.0,NaN,NaN,1.0,0.0,0.0,81.84522,110.6,0,0,0,0,0,1,0,0,0,0,0,NaN
NaN,NaN,34.0,NaN,NaN,NaN,NaN,NaN,NaN,NaN,1.9,NaN,7.29,77.0,NaN,NaN,45.0,NaN,NaN,NaN,NaN,142.0,4.6,NaN,59.7,NaN,0.0,NaN,48.0,1.0,0.0,0.0,81.84522,110.6,0,0,0,0,0,1,0,0,0,0,0,NaN
18.0,3.0,33.0,85.0,NaN,NaN,35.650000360300005,12.0,83.0,90.0,1.9,NaN,7.2,57.0,1.0,NaN,49.0,NaN,NaN,NaN,NaN,NaN,4.2,NaN,56.4,NaN,1.0,NaN,79.0,1.0,0.0,0.0,81.84522,110.6,0,0,0,0,0,1,0,0,0,0,0,2.0
NaN,NaN,31.0,92.0,NaN,NaN,36.3999998834,16.25,119.25,95.6666666667,NaN,NaN,7.25,63.0,NaN,NaN,44.0,NaN,NaN,NaN,NaN,NaN,NaN,NaN,NaN,NaN,0.0,NaN,NaN,1.0,0.0,0.0,81.84522,110.6,0,0,0,0,0,1,0,0,0,0,0,2.0
NaN,NaN,NaN,97.0,NaN,NaN,36.3249994384,12.75,120.0,94.3333333333,NaN,NaN,7.27,61.0,NaN,NaN,45.0,NaN,NaN,NaN,NaN,NaN,NaN,NaN,NaN,NaN,0.0,NaN,NaN,1.0,0.0,0.0,81.84522,110.6,0,0,0,0,0,1,0,0,0,0,0,2.0
NaN,NaN,NaN,93.0,NaN,NaN,36.0000008477,13.0,107.5,94.0,NaN,NaN,NaN,NaN,1.0,NaN,NaN,NaN,NaN,NaN,NaN,NaN,NaN,NaN,NaN,NaN,1.0,NaN,NaN,1.0,0.0,0.0,81.84522,110.6,0,0,0,0,0,1,0,0,0,0,0,2.0
NaN,NaN,29.0,92.0,NaN,NaN,35.8000002967,14.0,97.5,96.0,NaN,NaN,7.34,69.0,NaN,NaN,38.0,NaN,NaN,NaN,NaN,NaN,4.2,NaN,NaN,NaN,0.0,NaN,NaN,1.0,0.0,0.0,81.84522,110.6,0,0,0,0,0,1,0,0,0,0,0,2.0
NaN,NaN,NaN,88.0,NaN,NaN,35.650000360300005,10.0,96.0,95.5,NaN,NaN,7.36,71.0,NaN,NaN,34.0,NaN,NaN,NaN,NaN,NaN,NaN,NaN,NaN,NaN,0.0,NaN,NaN,1.0,0.0,0.0,81.84522,110.6,0,0,0,0,0,1,0,0,0,0,0,2.0
NaN,NaN,23.0,91.0,NaN,NaN,35.8000002967,18.0,82.0,93.0,1.4,NaN,7.35,69.0,NaN,NaN,34.0,NaN,NaN,NaN,NaN,NaN,4.1,NaN,44.9,NaN,0.0,NaN,109.0,1.0,0.0,0.0,81.84522,110.6,0,0,0,0,0,1,0,0,0,0,0,2.0
NaN,NaN,NaN,91.0,NaN,NaN,36.0000008477,12.0,111.0,92.0,NaN,NaN,NaN,NaN,1.0,NaN,NaN,NaN,NaN,NaN,NaN,NaN,NaN,NaN,NaN,NaN,1.0,NaN,NaN,1.0,0.0,0.0,81.84522,110.6,0,0,0,0,0,1,0,0,0,0,0,1.0
20.0,NaN,25.0,88.0,NaN,NaN,36.299998601300004,18.0,90.0,92.0,1.5,7.7,7.29,62.0,NaN,NaN,36.0,NaN,NaN,NaN,NaN,145.0,4.0,9.0,50.0,NaN,0.0,NaN,103.0,1.0,0.0,0.0,81.84522,110.6,0,0,0,0,0,1,0,0,0,0,0,0.0
NaN,NaN,NaN,82.5,NaN,NaN,36.6499990887,16.5,73.0,90.5,NaN,NaN,NaN,NaN,NaN,NaN,NaN,NaN,NaN,NaN,NaN,NaN,NaN,NaN,NaN,NaN,0.0,NaN,NaN,1.0,0.0,0.0,81.84522,110.6,0,0,0,0,0,1,0,0,0,0,0,0.0
NaN,NaN,NaN,87.5,NaN,NaN,36.849999639699995,18.0,84.0,89.5,NaN,NaN,7.27,63.0,NaN,NaN,36.0,NaN,NaN,NaN,NaN,NaN,NaN,NaN,NaN,NaN,0.0,NaN,NaN,1.0,0.0,0.0,81.84522,110.6,0,0,0,0,0,1,0,0,0,0,0,0.0
NaN,3.0,NaN,93.0,NaN,NaN,37.2000001272,18.0,88.0,89.0,NaN,NaN,7.27,70.0,1.0,NaN,35.0,NaN,NaN,NaN,NaN,NaN,NaN,NaN,NaN,NaN,1.0,NaN,NaN,1.0,0.0,0.0,81.84522,110.6,0,0,0,0,0,1,0,0,0,0,0,2.0
NaN,NaN,NaN,92.0,NaN,NaN,37.299999449,18.0,85.5,87.5,NaN,NaN,NaN,NaN,NaN,NaN,NaN,NaN,NaN,NaN,NaN,NaN,NaN,NaN,NaN,NaN,0.0,NaN,NaN,1.0,0.0,0.0,81.84522,110.6,0,0,0,0,0,1,0,0,0,0,0,3.0
NaN,NaN,27.0,93.5,NaN,NaN,37.4000006782,15.5,76.5,88.0,NaN,NaN,7.32,61.0,NaN,NaN,34.0,NaN,NaN,NaN,NaN,NaN,4.2,NaN,NaN,NaN,0.0,NaN,NaN,1.0,0.0,0.0,81.84522,110.6,0,0,0,0,0,1,0,0,0,0,0,3.0
NaN,NaN,NaN,95.5,145.600006104,NaN,37.3000004027,18.0,73.0,89.0,NaN,NaN,7.27,63.0,NaN,NaN,34.0,NaN,NaN,NaN,NaN,NaN,NaN,NaN,NaN,NaN,0.0,NaN,NaN,1.0,0.0,0.0,81.84522,110.6,0,0,0,0,0,1,0,0,0,0,0,3.0
NaN,NaN,32.0,91.0,145.600006104,NaN,37.3999997245,18.0,88.5,89.5,NaN,NaN,NaN,NaN,1.0,NaN,NaN,NaN,NaN,NaN,NaN,NaN,NaN,NaN,NaN,NaN,1.0,NaN,NaN,1.0,0.0,0.0,81.84522,110.6,0,0,0,0,0,1,0,0,0,0,0,3.0
NaN,NaN,NaN,89.5,NaN,NaN,37.5999993218,18.0,76.5,89.5,NaN,NaN,NaN,NaN,NaN,NaN,NaN,NaN,NaN,NaN,NaN,NaN,NaN,NaN,NaN,NaN,0.0,NaN,NaN,1.0,0.0,0.0,81.84522,110.6,0,0,0,0,0,1,0,0,0,0,0,0.0
NaN,NaN,31.0,90.0,NaN,NaN,37.7999998728,18.0,73.0,89.0,NaN,NaN,7.29,64.0,NaN,NaN,33.0,NaN,NaN,NaN,NaN,141.0,4.4,NaN,NaN,NaN,0.0,NaN,NaN,1.0,0.0,0.0,81.84522,110.6,0,0,0,0,0,1,0,0,0,0,0,NaN
NaN,NaN,NaN,97.0,NaN,NaN,37.900001102,18.0,69.0,45.0,NaN,NaN,NaN,NaN,NaN,NaN,NaN,NaN,NaN,NaN,NaN,NaN,NaN,NaN,NaN,NaN,0.0,NaN,NaN,1.0,0.0,0.0,81.84522,110.6,0,0,0,0,0,1,0,0,0,0,0,2.0
NaN,NaN,29.0,70.0,NaN,NaN,37.900001102,18.0,67.0,NaN,NaN,NaN,7.26,58.0,NaN,NaN,30.0,NaN,NaN,NaN,NaN,NaN,4.4,NaN,NaN,NaN,0.0,NaN,NaN,1.0,0.0,0.0,81.84522,110.6,0,0,0,0,0,1,0,0,0,0,0,NaN
NaN,NaN,NaN,80.25,NaN,NaN,37.6750002437,18.0,71.0,45.0,NaN,NaN,NaN,NaN,NaN,NaN,NaN,NaN,NaN,NaN,NaN,NaN,NaN,NaN,NaN,NaN,0.0,NaN,NaN,1.0,0.0,0.0,81.84522,110.6,0,0,0,0,0,1,0,0,0,0,0,NaN
NaN,NaN,27.0,50.5,NaN,NaN,37.5999993218,9.0,46.0,NaN,NaN,NaN,7.26,67.0,NaN,NaN,29.0,NaN,NaN,NaN,NaN,145.0,4.2,NaN,NaN,NaN,0.0,NaN,NaN,1.0,0.0,0.0,81.84522,110.6,0,0,0,0,0,1,0,0,0,0,0,NaN
NaN,NaN,NaN,NaN,NaN,NaN,NaN,NaN,NaN,NaN,NaN,NaN,NaN,NaN,NaN,NaN,NaN,NaN,NaN,NaN,NaN,NaN,NaN,NaN,NaN,NaN,0.0,NaN,NaN,0.0,0.0,0.0,81.84522,110.6,0,0,0,0,0,1,0,0,0,0,0,NaN
NaN,NaN,NaN,NaN,NaN,NaN,NaN,NaN,NaN,NaN,NaN,NaN,NaN,NaN,NaN,NaN,NaN,NaN,NaN,NaN,NaN,NaN,NaN,NaN,NaN,NaN,0.0,NaN,NaN,0.0,0.0,0.0,81.84522,110.6,0,0,0,0,0,1,0,0,0,0,0,NaN
NaN,NaN,NaN,NaN,NaN,NaN,NaN,NaN,NaN,NaN,NaN,NaN,NaN,NaN,NaN,NaN,NaN,NaN,NaN,NaN,NaN,NaN,NaN,NaN,NaN,NaN,0.0,NaN,NaN,0.0,0.0,0.0,81.84522,110.6,0,0,0,0,0,1,0,0,0,0,0,NaN
NaN,NaN,NaN,NaN,NaN,NaN,NaN,NaN,NaN,NaN,NaN,NaN,NaN,NaN,NaN,NaN,NaN,NaN,NaN,NaN,NaN,NaN,NaN,NaN,NaN,NaN,0.0,NaN,NaN,0.0,0.0,0.0,81.84522,110.6,0,0,0,0,0,1,0,0,0,0,0,NaN
