BUN,GCS,hematocrit,heartrate,curr_weight,riker_sas,temp,resp_rate,abp,spo2,inr,wbc,bloodpH,pao2,fio2,pco2,paco2,bloodlactate,fluidbolus,bilirubin,creatinine,sodium,potassium,hemoglobin,ptt,att,vent,urine_output,platelet_cnt,csru,aids,metastatic_cancer,admit_age,weight_first,pacemaker,comp_immune,diabetes,dialysis,cri,hf,cld,hm,jaundice,pneumonia,ali,score
NaN,NaN,20.0,NaN,NaN,NaN,NaN,NaN,NaN,NaN,NaN,NaN,7.45,480.0,NaN,NaN,37.0,NaN,NaN,NaN,NaN,NaN,NaN,NaN,NaN,NaN,0.0,NaN,NaN,1.0,0.0,0.0,67.59796,69.3,0,0,0,0,0,0,0,0,0,0,0,NaN
NaN,NaN,26.0,NaN,NaN,NaN,NaN,NaN,NaN,NaN,NaN,NaN,7.37,454.0,NaN,NaN,41.0,NaN,NaN,NaN,NaN,NaN,4.6,NaN,NaN,NaN,0.0,NaN,NaN,1.0,0.0,0.0,67.59796,69.3,0,0,0,0,0,0,0,0,0,0,0,NaN
NaN,NaN,26.0,NaN,NaN,NaN,NaN,NaN,NaN,NaN,NaN,NaN,7.33,392.0,NaN,NaN,46.0,NaN,NaN,NaN,NaN,NaN,NaN,NaN,NaN,NaN,0.0,NaN,NaN,1.0,0.0,0.0,67.59796,69.3,0,0,0,0,0,0,0,0,0,0,0,NaN
NaN,NaN,21.2999998728,NaN,NaN,NaN,NaN,NaN,NaN,NaN,1.6,NaN,7.34,289.0,NaN,NaN,48.5,NaN,NaN,NaN,NaN,137.0,5.0,6.900000095369999,40.6,NaN,0.0,NaN,201.0,1.0,0.0,0.0,67.59796,69.3,0,0,0,0,0,0,0,0,0,0,0,NaN
NaN,NaN,NaN,NaN,NaN,NaN,NaN,NaN,NaN,NaN,NaN,NaN,NaN,NaN,NaN,NaN,NaN,NaN,NaN,NaN,NaN,NaN,NaN,NaN,NaN,NaN,0.0,NaN,NaN,0.0,0.0,0.0,67.59796,69.3,0,0,0,0,0,0,0,0,0,0,0,NaN
8.0,3.0,26.0,88.0,NaN,NaN,36.7999990251,12.0,122.0,100.0,1.1,9.7,NaN,NaN,1.0,NaN,NaN,NaN,NaN,NaN,0.6,NaN,NaN,9.10000038147,43.1,NaN,1.0,NaN,168.0,1.0,0.0,0.0,67.59796,69.3,0,0,0,0,0,0,0,0,0,0,0,0.0
NaN,NaN,NaN,89.5,NaN,NaN,36.6499990887,12.5,114.25,99.75,NaN,NaN,7.39,246.0,0.54999999702,NaN,48.0,NaN,NaN,NaN,NaN,138.0,4.8,NaN,NaN,NaN,1.0,NaN,NaN,1.0,0.0,0.0,67.59796,69.3,0,0,0,0,0,0,0,0,0,0,0,0.0
NaN,NaN,NaN,87.6666666667,NaN,NaN,36.7333328106,12.333333333299999,111.0,100.0,NaN,NaN,7.37,126.0,NaN,NaN,45.0,NaN,NaN,NaN,NaN,NaN,4.4,NaN,NaN,NaN,0.0,NaN,NaN,1.0,0.0,0.0,67.59796,69.3,0,0,0,0,0,0,0,0,0,0,0,0.0
NaN,3.0,30.2999992371,78.6666666667,NaN,NaN,36.9499999152,12.0,104.666666667,100.0,NaN,NaN,NaN,NaN,0.40000000596,NaN,NaN,NaN,NaN,NaN,NaN,NaN,NaN,NaN,NaN,NaN,1.0,NaN,NaN,1.0,0.0,0.0,67.59796,69.3,0,0,0,0,0,0,0,0,0,0,0,0.0
NaN,NaN,NaN,83.0,NaN,NaN,36.9999995761,12.0,100.0,100.0,NaN,NaN,NaN,NaN,NaN,NaN,NaN,NaN,NaN,NaN,NaN,NaN,NaN,NaN,NaN,NaN,0.0,NaN,NaN,1.0,0.0,0.0,67.59796,69.3,0,0,0,0,0,0,0,0,0,0,0,0.0
NaN,NaN,NaN,84.0,NaN,NaN,37.0499992371,12.0,99.0,100.0,NaN,NaN,7.41,130.0,NaN,NaN,45.0,NaN,NaN,NaN,NaN,NaN,4.8,NaN,NaN,NaN,0.0,NaN,NaN,1.0,0.0,0.0,67.59796,69.3,0,0,0,0,0,0,0,0,0,0,0,0.0
NaN,NaN,NaN,84.0,NaN,NaN,37.4000006782,10.0,96.0,100.0,NaN,NaN,NaN,NaN,NaN,NaN,NaN,NaN,NaN,NaN,NaN,NaN,NaN,NaN,NaN,NaN,0.0,NaN,NaN,1.0,0.0,0.0,67.59796,69.3,0,0,0,0,0,0,0,0,0,0,0,0.0
NaN,3.0,28.2999992371,87.0,NaN,NaN,37.7999998728,11.5,87.0,100.0,NaN,NaN,7.45,112.0,0.40000000596,NaN,44.0,NaN,NaN,NaN,NaN,NaN,4.7,NaN,NaN,NaN,1.0,NaN,NaN,1.0,0.0,0.0,67.59796,69.3,0,0,0,0,0,0,0,0,0,0,0,0.0
NaN,NaN,NaN,90.0,NaN,NaN,37.7999998728,10.5,84.5,100.0,NaN,NaN,NaN,NaN,NaN,NaN,NaN,NaN,NaN,NaN,NaN,NaN,NaN,NaN,NaN,NaN,0.0,NaN,NaN,1.0,0.0,0.0,67.59796,69.3,0,0,0,0,0,0,0,0,0,0,0,0.0
NaN,9.0,NaN,90.0,NaN,NaN,38.0000004239,12.0,86.0,100.0,NaN,NaN,NaN,NaN,NaN,NaN,NaN,NaN,NaN,NaN,NaN,NaN,NaN,NaN,NaN,NaN,0.0,NaN,NaN,1.0,0.0,0.0,67.59796,69.3,0,0,0,0,0,0,0,0,0,0,0,2.0
8.0,NaN,27.0,90.0,NaN,NaN,38.0000004239,11.0,90.0,99.0,NaN,8.3,7.45,104.0,NaN,NaN,45.0,NaN,NaN,NaN,0.7,137.0,4.3,9.60000038147,NaN,NaN,0.0,NaN,177.0,1.0,0.0,0.0,67.59796,69.3,0,0,0,0,0,0,0,0,0,0,0,1.0
NaN,9.0,NaN,91.0,NaN,NaN,38.0000004239,17.0,98.0,NaN,NaN,NaN,NaN,NaN,0.40000000596,NaN,NaN,NaN,NaN,NaN,NaN,NaN,NaN,NaN,NaN,NaN,1.0,NaN,NaN,1.0,0.0,0.0,67.59796,69.3,0,0,0,0,0,0,0,0,0,0,0,1.0
NaN,NaN,NaN,90.0,78.8000030518,NaN,38.2000009749,15.0,90.0,99.0,NaN,NaN,NaN,NaN,NaN,NaN,NaN,NaN,NaN,NaN,NaN,NaN,NaN,NaN,NaN,NaN,0.0,NaN,NaN,1.0,0.0,0.0,67.59796,69.3,0,0,0,0,0,0,0,0,0,0,0,1.0
NaN,NaN,NaN,96.0,NaN,NaN,38.2000009749,19.0,96.0,96.0,NaN,NaN,NaN,NaN,NaN,NaN,NaN,NaN,NaN,NaN,NaN,NaN,NaN,NaN,NaN,NaN,0.0,NaN,NaN,1.0,0.0,0.0,67.59796,69.3,0,0,0,0,0,0,0,0,0,0,0,1.0
NaN,NaN,NaN,97.0,NaN,NaN,38.0999997457,18.0,101.0,96.0,NaN,NaN,7.47,111.0,0.40000000596,NaN,37.0,NaN,NaN,NaN,NaN,NaN,NaN,NaN,NaN,NaN,1.0,NaN,NaN,1.0,0.0,0.0,67.59796,69.3,0,0,0,0,0,0,0,0,0,0,0,1.0
NaN,15.0,NaN,94.5,NaN,NaN,37.7999998728,18.5,90.5,96.0,NaN,NaN,NaN,NaN,0.40000000596,NaN,NaN,NaN,NaN,NaN,NaN,NaN,NaN,NaN,NaN,NaN,1.0,NaN,NaN,1.0,0.0,0.0,67.59796,69.3,0,0,0,0,0,0,0,0,0,0,0,1.0
NaN,NaN,NaN,91.0,NaN,NaN,37.5999993218,20.0,93.0,97.0,NaN,NaN,NaN,NaN,NaN,NaN,NaN,NaN,NaN,NaN,NaN,NaN,NaN,NaN,NaN,NaN,0.0,NaN,NaN,1.0,0.0,0.0,67.59796,69.3,0,0,0,0,0,0,0,0,0,0,0,1.0
NaN,NaN,NaN,95.0,NaN,NaN,37.5999993218,24.0,93.0,92.0,NaN,NaN,NaN,NaN,NaN,NaN,NaN,NaN,NaN,NaN,NaN,NaN,NaN,NaN,NaN,NaN,0.0,NaN,NaN,1.0,0.0,0.0,67.59796,69.3,0,0,0,0,0,0,0,0,0,0,0,1.0
NaN,NaN,NaN,90.0,NaN,NaN,NaN,15.0,81.0,94.0,NaN,NaN,NaN,NaN,0.40000000596,NaN,NaN,NaN,NaN,NaN,NaN,NaN,NaN,NaN,NaN,NaN,1.0,NaN,NaN,1.0,0.0,0.0,67.59796,69.3,0,0,0,0,0,0,0,0,0,0,0,0.0
NaN,15.0,NaN,90.0,NaN,NaN,35.8333174388,24.0,NaN,95.0,NaN,NaN,7.43,87.0,0.40000000596,NaN,36.0,NaN,NaN,NaN,NaN,NaN,NaN,NaN,NaN,NaN,1.0,162.199996948,NaN,1.0,0.0,0.0,67.59796,69.3,0,0,0,0,0,0,0,0,0,0,0,2.0
NaN,NaN,NaN,91.0,NaN,NaN,NaN,22.0,86.0,95.0,NaN,NaN,NaN,NaN,NaN,NaN,NaN,NaN,NaN,NaN,NaN,NaN,NaN,NaN,NaN,NaN,0.0,NaN,NaN,1.0,0.0,0.0,67.59796,69.3,0,0,0,0,0,0,0,0,0,0,0,3.0
NaN,NaN,NaN,100.0,NaN,NaN,NaN,29.0,97.0,94.0,NaN,NaN,NaN,NaN,NaN,NaN,NaN,NaN,NaN,NaN,NaN,NaN,NaN,NaN,NaN,NaN,0.0,NaN,NaN,1.0,0.0,0.0,67.59796,69.3,0,0,0,0,0,0,0,0,0,0,0,1.0
NaN,NaN,29.6000003815,91.0,NaN,NaN,NaN,27.0,NaN,96.0,NaN,NaN,NaN,NaN,NaN,NaN,NaN,NaN,NaN,NaN,NaN,NaN,4.4,NaN,NaN,NaN,0.0,NaN,NaN,1.0,0.0,0.0,67.59796,69.3,0,0,0,0,0,0,0,0,0,0,0,1.0
NaN,15.0,NaN,90.0,NaN,NaN,36.8333182865,23.0,96.0,97.0,NaN,NaN,NaN,NaN,NaN,NaN,NaN,NaN,NaN,NaN,NaN,NaN,NaN,NaN,NaN,NaN,0.0,NaN,NaN,1.0,0.0,0.0,67.59796,69.3,0,0,0,0,0,0,0,0,0,0,0,NaN
NaN,NaN,NaN,91.0,NaN,NaN,NaN,20.0,99.0,97.0,NaN,NaN,NaN,NaN,NaN,NaN,NaN,NaN,NaN,NaN,NaN,NaN,NaN,NaN,NaN,NaN,0.0,NaN,NaN,1.0,0.0,0.0,67.59796,69.3,0,0,0,0,0,0,0,0,0,0,0,1.0
NaN,NaN,NaN,NaN,NaN,NaN,NaN,21.0,81.0,96.0,NaN,NaN,NaN,NaN,NaN,NaN,NaN,NaN,NaN,NaN,NaN,NaN,NaN,NaN,NaN,NaN,0.0,NaN,NaN,1.0,0.0,0.0,67.59796,69.3,0,0,0,0,0,0,0,0,0,0,0,2.0
NaN,NaN,NaN,95.5,NaN,NaN,NaN,19.5,111.5,97.0,NaN,NaN,NaN,NaN,NaN,NaN,NaN,NaN,NaN,NaN,NaN,NaN,NaN,NaN,NaN,NaN,0.0,NaN,NaN,1.0,0.0,0.0,67.59796,69.3,0,0,0,0,0,0,0,0,0,0,0,1.0
NaN,15.0,NaN,95.0,NaN,NaN,37.1111060248,23.0,88.0,97.0,NaN,NaN,NaN,NaN,NaN,NaN,NaN,NaN,NaN,NaN,NaN,NaN,NaN,NaN,NaN,NaN,0.0,NaN,NaN,1.0,0.0,0.0,67.59796,69.3,0,0,0,0,0,0,0,0,0,0,0,2.0
NaN,NaN,NaN,97.0,NaN,NaN,NaN,20.5,138.5,97.0,NaN,NaN,7.45,NaN,NaN,NaN,NaN,NaN,NaN,NaN,NaN,NaN,4.0,NaN,NaN,NaN,0.0,NaN,NaN,1.0,0.0,0.0,67.59796,69.3,0,0,0,0,0,0,0,0,0,0,0,1.0
NaN,NaN,NaN,NaN,NaN,NaN,NaN,21.5,108.0,95.5,NaN,NaN,NaN,NaN,NaN,NaN,NaN,NaN,NaN,NaN,NaN,NaN,NaN,NaN,NaN,NaN,0.0,NaN,NaN,1.0,0.0,0.0,67.59796,69.3,0,0,0,0,0,0,0,0,0,0,0,1.0
NaN,NaN,NaN,NaN,NaN,NaN,NaN,21.5,106.5,96.5,NaN,NaN,NaN,NaN,NaN,NaN,NaN,NaN,NaN,NaN,NaN,NaN,NaN,NaN,NaN,NaN,0.0,NaN,NaN,1.0,0.0,0.0,67.59796,69.3,0,0,0,0,0,0,0,0,0,0,0,1.0
NaN,15.0,NaN,NaN,NaN,NaN,36.9999995761,20.0,90.0,97.0,NaN,NaN,NaN,NaN,NaN,NaN,NaN,NaN,NaN,NaN,NaN,NaN,NaN,NaN,NaN,NaN,0.0,NaN,NaN,1.0,0.0,0.0,67.59796,69.3,0,0,0,0,0,0,0,0,0,0,0,NaN
NaN,NaN,NaN,97.0,NaN,NaN,NaN,14.0,92.0,98.0,NaN,NaN,NaN,NaN,NaN,NaN,NaN,NaN,NaN,NaN,NaN,NaN,NaN,NaN,NaN,NaN,0.0,NaN,NaN,1.0,0.0,0.0,67.59796,69.3,0,0,0,0,0,0,0,0,0,0,0,1.0
NaN,NaN,NaN,NaN,NaN,NaN,NaN,20.0,93.0,97.0,NaN,NaN,NaN,NaN,NaN,NaN,NaN,NaN,NaN,NaN,NaN,NaN,NaN,NaN,NaN,NaN,0.0,NaN,NaN,1.0,0.0,0.0,67.59796,69.3,0,0,0,0,0,0,0,0,0,0,0,1.0
11.0,NaN,28.1000003815,NaN,NaN,NaN,NaN,17.5,126.5,96.5,1.2,9.5,7.45,NaN,NaN,NaN,NaN,NaN,NaN,NaN,0.8,NaN,4.3,9.89999961853,33.3,NaN,0.0,NaN,138.0,1.0,0.0,0.0,67.59796,69.3,0,0,0,0,0,0,0,0,0,0,0,1.0
NaN,15.0,NaN,NaN,NaN,NaN,37.4444230398,18.0,92.0,99.0,NaN,NaN,NaN,NaN,NaN,NaN,NaN,NaN,NaN,NaN,NaN,NaN,NaN,NaN,NaN,NaN,0.0,NaN,NaN,1.0,0.0,0.0,67.59796,69.3,0,0,0,0,0,0,0,0,0,0,0,NaN
NaN,NaN,NaN,NaN,78.8000030518,NaN,NaN,22.0,96.0,96.0,NaN,NaN,NaN,NaN,NaN,NaN,NaN,NaN,NaN,NaN,NaN,NaN,NaN,NaN,NaN,NaN,0.0,NaN,NaN,1.0,0.0,0.0,67.59796,69.3,0,0,0,0,0,0,0,0,0,0,0,NaN
NaN,NaN,NaN,97.5,NaN,NaN,NaN,18.0,126.0,99.0,NaN,NaN,NaN,NaN,NaN,NaN,NaN,NaN,NaN,NaN,NaN,NaN,NaN,NaN,NaN,NaN,0.0,NaN,NaN,1.0,0.0,0.0,67.59796,69.3,0,0,0,0,0,0,0,0,0,0,0,1.0
NaN,NaN,NaN,NaN,NaN,NaN,NaN,20.0,88.0,99.0,NaN,NaN,NaN,NaN,NaN,NaN,NaN,NaN,NaN,NaN,NaN,NaN,NaN,NaN,NaN,NaN,0.0,NaN,NaN,1.0,0.0,0.0,67.59796,69.3,0,0,0,0,0,0,0,0,0,0,0,2.0
NaN,15.0,NaN,NaN,NaN,NaN,36.277790493400005,24.5,75.0,94.0,NaN,NaN,NaN,NaN,NaN,NaN,NaN,NaN,NaN,NaN,NaN,NaN,NaN,NaN,NaN,NaN,0.0,NaN,NaN,1.0,0.0,0.0,67.59796,69.3,0,0,0,0,0,0,0,0,0,0,0,3.0
NaN,NaN,NaN,NaN,NaN,NaN,NaN,20.0,79.0,96.0,NaN,NaN,NaN,NaN,NaN,NaN,NaN,NaN,NaN,NaN,NaN,NaN,NaN,NaN,NaN,NaN,0.0,NaN,NaN,1.0,0.0,0.0,67.59796,69.3,0,0,0,0,0,0,0,0,0,0,0,NaN
NaN,NaN,NaN,NaN,NaN,NaN,NaN,23.0,71.0,95.0,NaN,NaN,NaN,NaN,NaN,NaN,NaN,NaN,NaN,NaN,NaN,NaN,NaN,NaN,NaN,NaN,0.0,NaN,NaN,1.0,0.0,0.0,67.59796,69.3,0,0,0,0,0,0,0,0,0,0,0,NaN
NaN,NaN,NaN,NaN,NaN,NaN,NaN,23.0,74.0,97.0,NaN,NaN,NaN,NaN,NaN,NaN,NaN,NaN,NaN,NaN,NaN,NaN,NaN,NaN,NaN,NaN,0.0,NaN,NaN,1.0,0.0,0.0,67.59796,69.3,0,0,0,0,0,0,0,0,0,0,0,NaN
NaN,15.0,NaN,NaN,NaN,NaN,36.9444226159,20.0,74.0,98.0,NaN,NaN,NaN,NaN,NaN,NaN,NaN,NaN,NaN,NaN,NaN,NaN,NaN,NaN,NaN,NaN,0.0,NaN,NaN,1.0,0.0,0.0,67.59796,69.3,0,0,0,0,0,0,0,0,0,0,0,NaN
NaN,NaN,NaN,NaN,NaN,NaN,NaN,20.0,86.0,98.0,NaN,NaN,NaN,NaN,NaN,NaN,NaN,NaN,NaN,NaN,NaN,NaN,NaN,NaN,NaN,NaN,0.0,NaN,NaN,1.0,0.0,0.0,67.59796,69.3,0,0,0,0,0,0,0,0,0,0,0,NaN
NaN,NaN,NaN,NaN,NaN,NaN,NaN,26.0,106.0,97.0,NaN,NaN,NaN,NaN,NaN,NaN,NaN,NaN,NaN,NaN,NaN,NaN,NaN,NaN,NaN,NaN,0.0,NaN,NaN,1.0,0.0,0.0,67.59796,69.3,0,0,0,0,0,0,0,0,0,0,0,NaN
NaN,NaN,NaN,NaN,NaN,NaN,NaN,24.0,94.0,98.0,NaN,NaN,NaN,NaN,NaN,NaN,NaN,NaN,NaN,NaN,NaN,NaN,NaN,NaN,NaN,NaN,0.0,NaN,NaN,1.0,0.0,0.0,67.59796,69.3,0,0,0,0,0,0,0,0,0,0,0,NaN
NaN,15.0,NaN,NaN,NaN,NaN,36.8888952467,27.0,91.0,91.0,NaN,NaN,NaN,NaN,NaN,NaN,NaN,NaN,NaN,NaN,NaN,NaN,NaN,NaN,NaN,NaN,0.0,NaN,NaN,1.0,0.0,0.0,67.59796,69.3,0,0,0,0,0,0,0,0,0,0,0,NaN
NaN,NaN,NaN,NaN,NaN,NaN,NaN,26.0,89.0,96.0,NaN,NaN,NaN,NaN,NaN,NaN,NaN,NaN,NaN,NaN,NaN,NaN,NaN,NaN,NaN,NaN,0.0,NaN,NaN,1.0,0.0,0.0,67.59796,69.3,0,0,0,0,0,0,0,0,0,0,0,NaN
NaN,NaN,NaN,NaN,NaN,NaN,NaN,25.0,75.0,97.0,NaN,NaN,NaN,NaN,NaN,NaN,NaN,NaN,NaN,NaN,NaN,NaN,NaN,NaN,NaN,NaN,0.0,NaN,NaN,1.0,0.0,0.0,67.59796,69.3,0,0,0,0,0,0,0,0,0,0,0,NaN
NaN,NaN,NaN,NaN,NaN,NaN,NaN,24.0,NaN,97.0,NaN,NaN,NaN,NaN,NaN,NaN,NaN,NaN,NaN,NaN,NaN,NaN,NaN,NaN,NaN,NaN,0.0,NaN,NaN,1.0,0.0,0.0,67.59796,69.3,0,0,0,0,0,0,0,0,0,0,0,NaN
NaN,15.0,NaN,NaN,NaN,NaN,37.777789645700004,26.0,74.0,96.0,NaN,NaN,7.51,81.0,NaN,NaN,31.0,NaN,NaN,NaN,NaN,NaN,3.7,NaN,NaN,NaN,0.0,NaN,NaN,1.0,0.0,0.0,67.59796,69.3,0,0,0,0,0,0,0,0,0,0,0,NaN
NaN,NaN,NaN,NaN,NaN,NaN,NaN,25.0,73.0,96.0,NaN,NaN,NaN,NaN,NaN,NaN,NaN,NaN,NaN,NaN,NaN,NaN,NaN,NaN,NaN,NaN,0.0,NaN,NaN,1.0,0.0,0.0,67.59796,69.3,0,0,0,0,0,0,0,0,0,0,0,NaN
NaN,NaN,NaN,NaN,NaN,NaN,NaN,20.0,86.0,96.0,NaN,NaN,NaN,NaN,NaN,NaN,NaN,NaN,NaN,NaN,NaN,NaN,NaN,NaN,NaN,NaN,0.0,NaN,NaN,1.0,0.0,0.0,67.59796,69.3,0,0,0,0,0,0,0,0,0,0,0,NaN
NaN,NaN,NaN,NaN,NaN,NaN,37.8055533303,24.0,86.0,95.0,NaN,NaN,NaN,NaN,NaN,NaN,NaN,NaN,NaN,NaN,NaN,NaN,NaN,NaN,NaN,NaN,0.0,NaN,NaN,1.0,0.0,0.0,67.59796,69.3,0,0,0,0,0,0,0,0,0,0,0,NaN
NaN,15.0,NaN,NaN,NaN,NaN,37.8333170149,24.0,91.0,96.0,NaN,NaN,NaN,NaN,NaN,NaN,NaN,NaN,NaN,NaN,NaN,NaN,NaN,NaN,NaN,NaN,0.0,NaN,NaN,1.0,0.0,0.0,67.59796,69.3,0,0,0,0,0,0,0,0,0,0,0,NaN
NaN,NaN,NaN,NaN,NaN,NaN,38.0000004239,25.0,82.0,93.0,NaN,NaN,NaN,NaN,NaN,NaN,NaN,NaN,NaN,NaN,NaN,NaN,NaN,NaN,NaN,NaN,0.0,NaN,NaN,1.0,0.0,0.0,67.59796,69.3,0,0,0,0,0,0,0,0,0,0,0,2.0
NaN,NaN,NaN,NaN,NaN,NaN,NaN,17.0,98.0,NaN,NaN,NaN,NaN,NaN,NaN,NaN,NaN,NaN,NaN,NaN,NaN,NaN,NaN,NaN,NaN,NaN,0.0,NaN,NaN,1.0,0.0,0.0,67.59796,69.3,0,0,0,0,0,0,0,0,0,0,0,1.0
14.0,NaN,28.7999992371,NaN,NaN,NaN,NaN,25.0,89.0,94.0,1.2,8.0,7.5,82.0,NaN,NaN,30.0,NaN,NaN,NaN,0.7,NaN,3.9,10.0,33.4,NaN,0.0,NaN,107.0,1.0,0.0,0.0,67.59796,69.3,0,0,0,0,0,0,0,0,0,0,0,2.0
NaN,15.0,NaN,NaN,NaN,NaN,38.5000008477,27.0,92.0,97.0,NaN,NaN,NaN,NaN,NaN,NaN,NaN,NaN,NaN,NaN,NaN,NaN,NaN,NaN,NaN,NaN,0.0,NaN,NaN,1.0,0.0,0.0,67.59796,69.3,0,0,0,0,0,0,0,0,0,0,0,1.0
NaN,NaN,NaN,NaN,NaN,NaN,NaN,28.0,90.0,97.0,NaN,NaN,NaN,NaN,NaN,NaN,NaN,NaN,NaN,NaN,NaN,NaN,NaN,NaN,NaN,NaN,0.0,NaN,NaN,1.0,0.0,0.0,67.59796,69.3,0,0,0,0,0,0,0,0,0,0,0,1.0
NaN,NaN,NaN,NaN,NaN,NaN,NaN,21.0,95.0,96.0,NaN,NaN,NaN,NaN,NaN,NaN,NaN,NaN,NaN,NaN,NaN,NaN,NaN,NaN,NaN,NaN,0.0,NaN,NaN,1.0,0.0,0.0,67.59796,69.3,0,0,0,0,0,0,0,0,0,0,0,1.0
NaN,NaN,NaN,NaN,78.8000030518,NaN,NaN,25.0,NaN,97.0,NaN,NaN,NaN,NaN,NaN,NaN,NaN,NaN,NaN,NaN,NaN,NaN,NaN,NaN,NaN,NaN,0.0,NaN,NaN,1.0,0.0,0.0,67.59796,69.3,0,0,0,0,0,0,0,0,0,0,0,1.0
NaN,15.0,NaN,NaN,NaN,NaN,36.8888952467,25.0,NaN,96.0,NaN,NaN,NaN,NaN,NaN,NaN,NaN,NaN,NaN,NaN,NaN,NaN,NaN,NaN,NaN,NaN,0.0,NaN,NaN,1.0,0.0,0.0,67.59796,69.3,0,0,0,0,0,0,0,0,0,0,0,NaN
NaN,NaN,NaN,NaN,NaN,NaN,NaN,25.0,NaN,98.0,NaN,NaN,NaN,NaN,NaN,NaN,NaN,NaN,NaN,NaN,NaN,NaN,NaN,NaN,NaN,NaN,0.0,NaN,NaN,1.0,0.0,0.0,67.59796,69.3,0,0,0,0,0,0,0,0,0,0,0,NaN
NaN,NaN,NaN,NaN,NaN,NaN,NaN,28.0,NaN,96.0,NaN,NaN,NaN,NaN,NaN,NaN,NaN,NaN,NaN,NaN,NaN,NaN,NaN,NaN,NaN,NaN,0.0,NaN,NaN,1.0,0.0,0.0,67.59796,69.3,0,0,0,0,0,0,0,0,0,0,0,NaN
NaN,15.0,NaN,NaN,NaN,NaN,NaN,29.0,NaN,99.0,NaN,NaN,NaN,NaN,NaN,NaN,NaN,NaN,NaN,NaN,NaN,NaN,NaN,NaN,NaN,NaN,0.0,NaN,NaN,1.0,0.0,0.0,67.59796,69.3,0,0,0,0,0,0,0,0,0,0,0,NaN
NaN,NaN,NaN,NaN,78.8000030518,NaN,38.0833410687,25.0,NaN,99.0,NaN,NaN,NaN,NaN,NaN,NaN,NaN,NaN,NaN,NaN,NaN,NaN,NaN,NaN,NaN,NaN,0.0,NaN,NaN,1.0,0.0,0.0,67.59796,69.3,0,0,0,0,0,0,0,0,0,0,0,1.0
NaN,NaN,NaN,NaN,NaN,NaN,NaN,26.0,NaN,NaN,NaN,NaN,NaN,NaN,NaN,NaN,NaN,NaN,NaN,NaN,NaN,NaN,NaN,NaN,NaN,NaN,0.0,NaN,NaN,1.0,0.0,0.0,67.59796,69.3,0,0,0,0,0,0,0,0,0,0,0,1.0
NaN,NaN,NaN,NaN,NaN,NaN,NaN,22.0,NaN,96.0,NaN,NaN,NaN,NaN,NaN,NaN,NaN,NaN,NaN,NaN,NaN,NaN,NaN,NaN,NaN,NaN,0.0,NaN,NaN,1.0,0.0,0.0,67.59796,69.3,0,0,0,0,0,0,0,0,0,0,0,1.0
NaN,NaN,NaN,NaN,NaN,NaN,NaN,26.0,NaN,99.0,NaN,NaN,NaN,NaN,NaN,NaN,NaN,NaN,NaN,NaN,NaN,NaN,NaN,NaN,NaN,NaN,0.0,NaN,NaN,1.0,0.0,0.0,67.59796,69.3,0,0,0,0,0,0,0,0,0,0,0,1.0
NaN,15.0,NaN,NaN,NaN,NaN,37.5,28.0,NaN,98.0,NaN,NaN,NaN,NaN,NaN,NaN,NaN,NaN,NaN,NaN,NaN,NaN,NaN,NaN,NaN,NaN,0.0,NaN,NaN,1.0,0.0,0.0,67.59796,69.3,0,0,0,0,0,0,0,0,0,0,0,NaN
NaN,NaN,NaN,NaN,NaN,NaN,NaN,27.0,NaN,98.0,NaN,NaN,NaN,NaN,NaN,NaN,NaN,NaN,NaN,NaN,NaN,NaN,NaN,NaN,NaN,NaN,0.0,NaN,NaN,1.0,0.0,0.0,67.59796,69.3,0,0,0,0,0,0,0,0,0,0,0,NaN
NaN,NaN,31.3999996185,NaN,NaN,NaN,NaN,27.0,NaN,99.0,NaN,NaN,NaN,NaN,NaN,NaN,NaN,NaN,NaN,NaN,NaN,NaN,NaN,NaN,NaN,NaN,0.0,NaN,NaN,1.0,0.0,0.0,67.59796,69.3,0,0,0,0,0,0,0,0,0,0,0,NaN
NaN,NaN,NaN,NaN,NaN,NaN,NaN,23.0,NaN,98.0,NaN,NaN,NaN,NaN,NaN,NaN,NaN,NaN,NaN,NaN,NaN,NaN,NaN,NaN,NaN,NaN,0.0,NaN,NaN,1.0,0.0,0.0,67.59796,69.3,0,0,0,0,0,0,0,0,0,0,0,NaN
NaN,15.0,NaN,NaN,NaN,NaN,37.6111043294,24.0,NaN,98.0,NaN,NaN,NaN,NaN,NaN,NaN,NaN,NaN,NaN,NaN,NaN,NaN,NaN,NaN,NaN,NaN,0.0,NaN,NaN,1.0,0.0,0.0,67.59796,69.3,0,0,0,0,0,0,0,0,0,0,0,NaN
NaN,NaN,NaN,NaN,NaN,NaN,NaN,25.0,NaN,96.0,NaN,NaN,NaN,NaN,NaN,NaN,NaN,NaN,NaN,NaN,NaN,NaN,NaN,NaN,NaN,NaN,0.0,NaN,NaN,1.0,0.0,0.0,67.59796,69.3,0,0,0,0,0,0,0,0,0,0,0,NaN
NaN,NaN,NaN,NaN,NaN,NaN,NaN,20.0,NaN,97.0,NaN,NaN,NaN,NaN,NaN,NaN,NaN,NaN,NaN,NaN,NaN,NaN,NaN,NaN,NaN,NaN,0.0,NaN,NaN,1.0,0.0,0.0,67.59796,69.3,0,0,0,0,0,0,0,0,0,0,0,NaN
NaN,NaN,NaN,NaN,NaN,NaN,NaN,24.0,NaN,96.0,NaN,NaN,NaN,NaN,NaN,NaN,NaN,NaN,NaN,NaN,NaN,NaN,NaN,NaN,NaN,NaN,0.0,NaN,NaN,1.0,0.0,0.0,67.59796,69.3,0,0,0,0,0,0,0,0,0,0,0,NaN
NaN,15.0,NaN,NaN,NaN,NaN,37.5555769602,24.0,NaN,94.0,NaN,NaN,NaN,NaN,NaN,NaN,NaN,NaN,NaN,NaN,NaN,NaN,NaN,NaN,NaN,NaN,0.0,NaN,NaN,1.0,0.0,0.0,67.59796,69.3,0,0,0,0,0,0,0,0,0,0,0,NaN
NaN,NaN,NaN,NaN,NaN,NaN,NaN,21.0,NaN,95.0,NaN,NaN,NaN,NaN,NaN,NaN,NaN,NaN,NaN,NaN,NaN,NaN,NaN,NaN,NaN,NaN,0.0,NaN,NaN,1.0,0.0,0.0,67.59796,69.3,0,0,0,0,0,0,0,0,0,0,0,NaN
16.0,NaN,28.8999996185,NaN,NaN,NaN,NaN,24.0,NaN,98.0,1.2,6.3,NaN,NaN,NaN,NaN,NaN,NaN,NaN,NaN,0.7,NaN,4.4,10.1000003815,30.0,NaN,0.0,NaN,110.0,1.0,0.0,0.0,67.59796,69.3,0,0,0,0,0,0,0,0,0,0,0,NaN
NaN,NaN,NaN,99.0,NaN,NaN,NaN,22.0,NaN,95.0,NaN,NaN,NaN,NaN,NaN,NaN,NaN,NaN,NaN,NaN,NaN,NaN,NaN,NaN,NaN,NaN,0.0,NaN,NaN,1.0,0.0,0.0,67.59796,69.3,0,0,0,0,0,0,0,0,0,0,0,1.0
NaN,15.0,NaN,NaN,NaN,NaN,37.1111060248,21.0,NaN,95.0,NaN,NaN,NaN,NaN,NaN,NaN,NaN,NaN,NaN,NaN,NaN,NaN,NaN,NaN,NaN,NaN,0.0,NaN,NaN,1.0,0.0,0.0,67.59796,69.3,0,0,0,0,0,0,0,0,0,0,0,1.0
NaN,NaN,NaN,NaN,NaN,NaN,NaN,23.0,NaN,96.0,NaN,NaN,NaN,NaN,NaN,NaN,NaN,NaN,NaN,NaN,NaN,NaN,NaN,NaN,NaN,NaN,0.0,NaN,NaN,1.0,0.0,0.0,67.59796,69.3,0,0,0,0,0,0,0,0,0,0,0,1.0
NaN,NaN,NaN,NaN,NaN,NaN,NaN,24.0,NaN,98.0,NaN,NaN,NaN,NaN,NaN,NaN,NaN,NaN,NaN,NaN,NaN,NaN,NaN,NaN,NaN,NaN,0.0,NaN,NaN,1.0,0.0,0.0,67.59796,69.3,0,0,0,0,0,0,0,0,0,0,0,NaN
NaN,NaN,NaN,97.0,NaN,NaN,NaN,19.0,NaN,99.0,NaN,NaN,NaN,NaN,NaN,NaN,NaN,NaN,NaN,NaN,NaN,NaN,NaN,NaN,NaN,NaN,0.0,NaN,NaN,1.0,0.0,0.0,67.59796,69.3,0,0,0,0,0,0,0,0,0,0,0,1.0
NaN,15.0,NaN,95.0,NaN,NaN,36.9999995761,20.0,NaN,100.0,NaN,NaN,NaN,NaN,NaN,NaN,NaN,NaN,NaN,NaN,NaN,NaN,NaN,NaN,NaN,NaN,0.0,NaN,NaN,1.0,0.0,0.0,67.59796,69.3,0,0,0,0,0,0,0,0,0,0,0,1.0
NaN,NaN,NaN,NaN,NaN,NaN,NaN,24.0,NaN,96.0,NaN,NaN,NaN,NaN,NaN,NaN,NaN,NaN,NaN,NaN,NaN,NaN,NaN,NaN,NaN,NaN,0.0,NaN,NaN,1.0,0.0,0.0,67.59796,69.3,0,0,0,0,0,0,0,0,0,0,0,1.0
NaN,NaN,NaN,99.0,NaN,NaN,NaN,21.0,NaN,98.0,NaN,NaN,NaN,NaN,NaN,NaN,NaN,NaN,NaN,NaN,NaN,NaN,NaN,NaN,NaN,NaN,0.0,NaN,NaN,1.0,0.0,0.0,67.59796,69.3,0,0,0,0,0,0,0,0,0,0,0,1.0
NaN,NaN,NaN,NaN,NaN,NaN,NaN,22.0,NaN,NaN,NaN,NaN,NaN,NaN,NaN,NaN,NaN,NaN,NaN,NaN,NaN,NaN,NaN,NaN,NaN,NaN,0.0,NaN,NaN,1.0,0.0,0.0,67.59796,69.3,0,0,0,0,0,0,0,0,0,0,0,1.0
NaN,15.0,NaN,NaN,NaN,NaN,36.9444226159,21.0,NaN,98.0,NaN,NaN,NaN,NaN,NaN,NaN,NaN,NaN,NaN,NaN,NaN,NaN,NaN,NaN,NaN,NaN,0.0,NaN,NaN,1.0,0.0,0.0,67.59796,69.3,0,0,0,0,0,0,0,0,0,0,0,1.0
NaN,NaN,NaN,92.0,NaN,NaN,NaN,16.0,NaN,98.0,NaN,NaN,NaN,NaN,NaN,NaN,NaN,NaN,NaN,NaN,NaN,NaN,NaN,NaN,NaN,NaN,0.0,NaN,NaN,1.0,0.0,0.0,67.59796,69.3,0,0,0,0,0,0,0,0,0,0,0,1.0
