BUN,GCS,hematocrit,heartrate,curr_weight,riker_sas,temp,resp_rate,abp,spo2,inr,wbc,bloodpH,pao2,fio2,pco2,paco2,bloodlactate,fluidbolus,bilirubin,creatinine,sodium,potassium,hemoglobin,ptt,att,vent,urine_output,platelet_cnt,csru,aids,metastatic_cancer,admit_age,weight_first,pacemaker,comp_immune,diabetes,dialysis,cri,hf,cld,hm,jaundice,pneumonia,ali,score
NaN,14.0,NaN,77.625,NaN,NaN,35.8333174388,18.111111111099998,NaN,96.57142857139999,NaN,NaN,NaN,NaN,1.0,NaN,NaN,NaN,NaN,NaN,NaN,NaN,NaN,NaN,NaN,NaN,1.0,NaN,NaN,0.0,0.0,0.0,68.80278,NaN,0,0,1,0,0,1,1,0,0,0,0,1.0
NaN,NaN,NaN,78.0,NaN,NaN,NaN,13.8,NaN,97.375,NaN,NaN,NaN,NaN,0.84999999404,NaN,NaN,NaN,NaN,NaN,NaN,NaN,NaN,NaN,NaN,NaN,1.0,NaN,NaN,0.0,0.0,0.0,68.80278,NaN,0,0,1,0,0,1,1,0,0,0,0,1.0
NaN,NaN,NaN,NaN,NaN,NaN,NaN,NaN,NaN,NaN,NaN,NaN,NaN,NaN,NaN,NaN,NaN,NaN,NaN,NaN,NaN,NaN,NaN,NaN,NaN,NaN,0.0,NaN,NaN,0.0,0.0,0.0,68.80278,NaN,0,0,1,0,0,1,1,0,0,0,0,1.0
NaN,NaN,NaN,NaN,NaN,NaN,NaN,NaN,NaN,NaN,NaN,NaN,NaN,NaN,NaN,NaN,NaN,NaN,NaN,NaN,NaN,NaN,NaN,NaN,NaN,NaN,0.0,NaN,NaN,0.0,0.0,0.0,68.80278,NaN,0,0,1,0,0,1,1,0,0,0,0,1.0
